msisdn,tower_id,call_type,dest_nr,call_duration_sec,start_time
5837025539272,724,voice,1693098090050,262,2024-01-01 01:01:29.707413
6777541502622,1404,video,7134401247348,1446,2024-01-01 00:59:59.682173
7836731857640,1625,video,2693390672326,598,2024-01-01 01:02:19.318981
6357748230523,1850,video,6780571406414,1611,2024-01-01 00:53:39.669487
2281969204339,59,voice,3757818238581,460,2024-01-01 01:06:12.882824
3485137542356,349,voice,0596669873545,262,2024-01-01 00:57:26.562447
2446416163923,1359,video,3984534834573,193,2024-01-01 00:55:40.212775
5339277793461,1594,video,1298312630565,638,2024-01-01 00:55:51.210111
6849834760827,1961,voice,7816899325636,721,2024-01-01 00:55:32.951115
2006672669167,1020,video,9318700553231,1663,2024-01-01 00:53:56.351634
2594900870388,1451,voice,8847226686725,1067,2024-01-01 00:56:19.467718
3357960846761,1359,video,4004508909538,337,2024-01-01 01:03:42.883896
0480199560020,1919,voice,3781746707840,1044,2024-01-01 00:52:48.559716
9634445468549,532,video,6300057913676,971,2024-01-01 00:51:32.565703
5725491685322,1192,video,0359368198419,1273,2024-01-01 01:03:50.914619
5969367432133,1717,voice,9891181130736,1330,2024-01-01 00:56:21.081562
0124906995307,1884,voice,7268773333911,134,2024-01-01 00:50:23.230244
0186166398610,736,voice,8202277463977,487,2024-01-01 00:55:25.380503
8311534997219,115,video,1226068488460,333,2024-01-01 00:57:55.652987
3226626218155,1071,video,0171559608310,562,2024-01-01 00:57:48.538345
5602577423996,1671,video,9961932577669,218,2024-01-01 00:53:20.605056
3319925972019,1428,video,7253079494721,1350,2024-01-01 01:02:39.145399
2108837995555,1427,video,7011664934957,699,2024-01-01 00:53:12.575592
0243190451664,853,video,5159011631035,1463,2024-01-01 01:04:30.558760
2477891900383,1703,video,8057227199821,350,2024-01-01 00:51:33.832752
5078569397632,1974,voice,4894430827482,152,2024-01-01 01:03:04.471145
0310531835000,259,voice,7642941328159,1415,2024-01-01 00:53:23.264332
5738648901373,1171,video,1056237528510,806,2024-01-01 01:04:06.931094
8068607668894,1214,video,4546786917804,1689,2024-01-01 01:02:48.367764
7103827741925,1321,voice,3947066470284,1715,2024-01-01 00:53:34.815293
0908401253304,1920,voice,9324189298564,874,2024-01-01 01:06:28.905424
0812202528983,1308,voice,1715947500885,1758,2024-01-01 00:58:56.653507
7087622987874,1453,voice,9028327211792,178,2024-01-01 00:51:36.119677
1542724793276,1785,video,4064530180861,718,2024-01-01 00:53:51.526271
1260897665662,276,video,0334221060823,5,2024-01-01 00:58:10.080713
5168049536507,1030,voice,2797912651401,494,2024-01-01 01:01:19.922007
6136321010191,397,video,2679217729498,995,2024-01-01 00:59:47.105541
1184407365152,1114,video,3098025291207,898,2024-01-01 01:03:22.726333
0246436159225,1704,video,8908955796929,1160,2024-01-01 01:04:04.956333
1893921261459,1434,video,6672734668751,828,2024-01-01 00:50:28.164029
2575148314239,687,voice,2668604538250,1686,2024-01-01 01:04:53.520105
8582243907191,1105,voice,7702238108296,1198,2024-01-01 00:58:27.744066
4829283349853,1950,voice,7585080295369,444,2024-01-01 01:03:26.686088
2325288555573,413,video,0212373963333,379,2024-01-01 01:00:57.900121
3870750281151,1090,video,3775821714668,1443,2024-01-01 01:03:04.101600
3140371475027,1375,video,2694889150732,117,2024-01-01 01:03:14.589328
8858298164180,1882,video,3639470437003,77,2024-01-01 01:03:58.030401
2308713898975,1030,voice,7667523150850,1595,2024-01-01 00:57:48.333441
9906979801639,1049,video,8114133091978,417,2024-01-01 00:52:39.314671
3319596989425,1997,video,8669140334505,1204,2024-01-01 00:56:39.203662
0340489061860,134,video,4631340843218,927,2024-01-01 01:01:46.400643
5202617596888,563,video,1045980760714,993,2024-01-01 01:03:34.891073
4493417523005,1713,video,4215265443137,1685,2024-01-01 00:58:42.505868
3358583044837,1208,video,7043778488496,1191,2024-01-01 01:00:01.280483
2102788837011,1892,video,1596015678409,471,2024-01-01 00:58:33.567272
6776885048621,51,voice,4659407480205,763,2024-01-01 01:06:01.023034
4616757384346,778,video,8270689824248,510,2024-01-01 00:51:55.167980
9339292099759,895,voice,7150348556732,1000,2024-01-01 00:55:28.350526
3759324029002,1815,voice,1883073136843,1298,2024-01-01 00:59:24.464198
7004856356326,953,voice,2973506591579,758,2024-01-01 00:54:34.447658
5731257719089,1475,video,5279889187949,1238,2024-01-01 01:03:15.815993
6215437685155,1027,voice,6870782508232,772,2024-01-01 01:03:11.517043
1849065579832,1121,video,0314414558793,1412,2024-01-01 01:02:33.942565
7956795276154,863,video,9712346120394,1776,2024-01-01 00:59:43.259170
5003827115089,1727,voice,4537144794424,1195,2024-01-01 01:01:28.748763
1941671083394,63,voice,2152091535941,1288,2024-01-01 00:53:40.494869
7178047963803,564,video,9569960366350,1533,2024-01-01 01:03:25.693390
6847657293814,1228,video,7361441469798,1300,2024-01-01 01:04:20.073949
7341731850256,887,voice,1061325175637,249,2024-01-01 01:04:21.798345
7197130262512,895,voice,8787632859836,1284,2024-01-01 01:00:54.607136
7610667027038,989,voice,1383722783958,1001,2024-01-01 00:55:00.118917
2019296264804,164,voice,9380229804494,1247,2024-01-01 00:50:30.235682
8842382672149,1002,video,2405249161625,1700,2024-01-01 01:02:34.812992
5842136378918,1594,video,6575248280787,1145,2024-01-01 00:51:47.018862
7334130137933,1986,video,9014207873742,34,2024-01-01 01:04:12.259488
2227631882020,1476,video,2209505287889,1492,2024-01-01 01:03:19.385628
0104522210029,1984,video,5839900086628,882,2024-01-01 01:03:00.696385
3524642878394,378,video,4269058499293,1078,2024-01-01 01:01:39.391979
7398873390856,828,voice,1259673159162,644,2024-01-01 00:53:43.712040
0584870583405,478,video,8917212328339,913,2024-01-01 00:53:46.427902
9574982800864,192,video,2991813842151,1777,2024-01-01 00:53:15.750352
5379753966705,532,voice,0144176679797,1247,2024-01-01 00:58:21.983941
3501374313865,1142,video,8481677763917,262,2024-01-01 00:53:52.596058
6968837694341,165,voice,7293542689805,704,2024-01-01 00:55:56.196936
1647163710509,1102,video,4666729370433,519,2024-01-01 00:53:48.920403
9394364600951,1917,voice,0385035872648,556,2024-01-01 01:06:14.976364
5713755451140,999,voice,1745519080099,1530,2024-01-01 01:04:59.452431
0437579050510,870,video,0982623474040,298,2024-01-01 00:59:30.963392
5424922251009,402,voice,2770330401526,971,2024-01-01 00:59:51.887448
5693535231478,437,voice,1313994965530,1505,2024-01-01 00:50:22.068767
6527279418693,1424,video,6690260194335,1331,2024-01-01 01:04:25.176154
8191883266794,223,voice,1604000709353,1695,2024-01-01 00:58:55.470529
4506995687186,1568,voice,2654118978111,670,2024-01-01 01:02:15.240374
0321513806576,633,video,0760538630144,521,2024-01-01 00:59:09.785183
7029433359032,570,voice,1190733869379,213,2024-01-01 00:54:25.478976
2297194873308,1651,video,9009758684907,638,2024-01-01 01:06:21.190008
5339929866773,1105,video,5666230084314,266,2024-01-01 00:58:15.065569
6785199535822,77,video,6041579567285,882,2024-01-01 01:01:30.108055
9870527207686,1322,voice,4727202000936,1557,2024-01-01 00:56:37.211974
9911376483502,1927,video,2417028917025,1300,2024-01-01 00:50:28.763346
2110644484799,889,video,1172605377295,1419,2024-01-01 00:55:46.695609
6661915994877,1574,video,7594837378121,1369,2024-01-01 00:58:35.125928
3528398245272,372,voice,6495122818124,198,2024-01-01 01:00:00.067790
7165138372811,1124,video,8022416177007,1442,2024-01-01 00:53:42.196474
0325885760180,203,voice,5848266036092,857,2024-01-01 00:59:22.927041
5643370663184,15,video,6168534366471,389,2024-01-01 00:51:31.304457
5300897752605,1275,voice,2017539442345,802,2024-01-01 00:55:03.423448
6541614416802,28,voice,6255327014374,728,2024-01-01 01:00:11.544028
8287244408237,1609,video,1014206190484,1701,2024-01-01 01:01:45.926480
1555666132287,413,video,3902650456102,620,2024-01-01 00:56:42.487285
6292209081782,1497,video,4708656370449,1006,2024-01-01 01:06:24.885431
5739642152173,1764,voice,5179107314204,1446,2024-01-01 00:58:39.697301
9345568573693,1118,video,3682387830497,1417,2024-01-01 01:06:15.791800
6515322519033,525,video,5597354491935,1606,2024-01-01 00:59:10.213353
7225878156243,1690,voice,4413339091550,1127,2024-01-01 00:55:41.876729
8699965303810,1181,voice,0242178106554,1260,2024-01-01 00:55:26.611436
2611919573816,1585,video,5739237574104,810,2024-01-01 00:57:36.970178
0326275377749,339,voice,6809485257320,825,2024-01-01 01:06:54.071198
8108598627124,1222,video,7440444207765,548,2024-01-01 01:04:20.747880
8303340034348,682,voice,9414714121242,731,2024-01-01 00:50:28.278350
8958855146315,1803,voice,2024527989485,873,2024-01-01 01:02:54.147751
6517874231306,20,video,5523466612106,993,2024-01-01 00:55:34.106912
0178021382374,1072,voice,7114579607489,1111,2024-01-01 00:50:21.977458
6074583302638,1757,voice,8850112194015,732,2024-01-01 00:57:03.560138
7689572580874,1142,voice,1998989401812,1390,2024-01-01 00:53:42.348409
5619516323150,21,video,6293310209938,1609,2024-01-01 00:54:26.242916
7926581711774,1860,video,9980237914499,1126,2024-01-01 00:59:03.551281
4539087153173,1398,voice,9742367977404,910,2024-01-01 00:57:00.394444
1075474656180,1988,video,5388426797608,685,2024-01-01 01:02:38.490642
4786546556058,1545,voice,7347956054372,972,2024-01-01 01:04:11.442468
1766337198164,495,voice,1135925371251,674,2024-01-01 01:01:16.035584
8875561839218,617,video,0362357069938,412,2024-01-01 01:06:55.293993
0515590071120,767,video,8777736160525,1150,2024-01-01 01:00:03.889485
2058468233778,960,video,2031074794394,159,2024-01-01 00:55:47.478012
4746159225135,842,voice,5263671769602,1617,2024-01-01 01:04:49.815924
6943387415210,1948,voice,0783231898587,919,2024-01-01 00:54:58.609174
2934472978747,1778,voice,7482488135042,223,2024-01-01 00:54:56.684607
5714352165768,1992,voice,8133562140160,613,2024-01-01 01:02:11.464447
5992363258251,1624,voice,3556631539252,1005,2024-01-01 00:52:57.174628
6188557508884,1860,voice,0126262203644,1553,2024-01-01 01:00:57.129761
6936400977889,1876,voice,4639730319913,1695,2024-01-01 01:01:34.212168
9784017816576,401,video,1767710134525,1028,2024-01-01 00:54:45.996431
8403374249536,1273,voice,3084701810312,1235,2024-01-01 00:57:57.742130
5528774290401,930,voice,1189334737786,251,2024-01-01 00:55:20.628144
8764141535855,1800,voice,9496365002473,653,2024-01-01 01:01:57.522857
5259331903811,1857,video,1055931520342,685,2024-01-01 00:53:25.159481
4315578537182,1717,voice,0065004817915,817,2024-01-01 00:50:21.329926
8343120604095,1205,video,1043809691725,1034,2024-01-01 00:57:08.615454
2349212949190,765,voice,3239851996093,435,2024-01-01 01:00:46.423112
3154555490200,1178,video,8493826763249,626,2024-01-01 00:57:40.482292
1051761144229,5,voice,2309255063260,718,2024-01-01 00:57:35.169376
6819302000614,1850,video,9666509105025,1041,2024-01-01 00:56:14.732732
5873165414131,351,voice,3526163931768,628,2024-01-01 00:59:08.579789
2505540374920,1291,video,6900766332227,1255,2024-01-01 00:51:47.823235
6253359033097,1786,video,7474339432087,454,2024-01-01 01:06:23.557096
4724123959512,918,video,8854521304484,1226,2024-01-01 01:01:30.871914
0136215638862,1681,video,4816518769042,1688,2024-01-01 01:02:39.630221
6961870496829,1713,voice,8715183879541,780,2024-01-01 00:52:38.497543
9188422804053,740,voice,2925719482088,548,2024-01-01 00:56:51.132801
8657204985415,371,video,7838839216211,902,2024-01-01 00:51:35.562874
7096095930809,1903,voice,2122054845867,1117,2024-01-01 00:58:36.783604
1649270144286,1373,voice,6772148751900,1335,2024-01-01 01:01:19.918176
2820148785872,1025,video,2812136593469,1460,2024-01-01 00:51:56.857958
5303043156890,961,video,8662094711135,782,2024-01-01 00:56:26.966083
9299694894049,542,video,3018377637449,24,2024-01-01 00:53:52.590926
5730228879597,547,voice,9269618137641,525,2024-01-01 01:03:36.321848
7215892407752,676,video,6093179329381,166,2024-01-01 01:01:59.630328
6893584161543,1732,video,4364541592149,1620,2024-01-01 00:51:23.885689
5425513354334,1103,video,5725624604730,250,2024-01-01 00:51:33.439693
8138326603124,47,voice,0339128273272,1269,2024-01-01 00:54:54.816484
8349683043467,1476,voice,4665688859569,1001,2024-01-01 00:52:42.972337
2957049887253,617,video,7863501302712,1554,2024-01-01 01:04:45.013961
3868471577569,1189,video,5148147732106,1520,2024-01-01 01:00:00.696404
9947795279496,963,video,6335328993295,975,2024-01-01 00:51:35.216441
2887391513504,1350,video,1976146736446,870,2024-01-01 01:04:18.679276
3299663771900,425,voice,6024917171910,738,2024-01-01 01:00:18.664214
0484887751367,784,video,4238302106672,227,2024-01-01 00:50:36.128391
2292647895991,1035,voice,7146447392334,1170,2024-01-01 00:53:42.686262
6737129666428,1494,video,4576290002248,1186,2024-01-01 00:55:31.209133
3500665795785,1656,video,4722663029164,1760,2024-01-01 00:58:47.489215
5956216454635,309,video,5786048539477,595,2024-01-01 01:00:02.631022
7241418626192,114,video,4816141320488,505,2024-01-01 01:00:35.698626
2211301912450,1117,voice,2045890723314,1196,2024-01-01 00:53:36.641421
0800580331878,1760,video,7478597824914,922,2024-01-01 01:05:33.830940
6057473851339,654,video,0732318348529,920,2024-01-01 01:04:41.957300
1249670805820,1644,video,0466239145060,786,2024-01-01 00:57:04.773413
9689005136611,1091,video,7765542973963,641,2024-01-01 01:04:28.099735
3670676266646,667,video,9323758990463,789,2024-01-01 00:54:07.448734
1484239889772,786,video,3869120670097,386,2024-01-01 00:52:17.232349
6403061285705,1422,video,9767295999692,663,2024-01-01 00:52:17.288494
9782470953002,1381,voice,5783707677427,634,2024-01-01 01:05:26.299519
7038187371696,231,video,2212457103909,1644,2024-01-01 01:00:33.500517
2009584193120,547,voice,0896645835137,1760,2024-01-01 01:05:52.885997
5279944397406,545,video,6153528462940,11,2024-01-01 00:56:35.279064
3396248803370,1905,video,1708363998523,276,2024-01-01 00:55:04.986295
0921778916477,713,video,5666230084314,1533,2024-01-01 00:59:36.705363
8100141950602,216,video,0323740500411,1677,2024-01-01 01:00:51.691431
7367547600717,46,voice,9493306905552,1667,2024-01-01 00:54:32.493423
5296993958387,267,voice,1617798496872,732,2024-01-01 00:51:14.589186
7178867931951,1260,video,1592822512685,856,2024-01-01 00:53:11.142639
8300794716332,329,video,7658476391335,406,2024-01-01 00:51:52.975697
3133930263257,265,voice,0434371012354,309,2024-01-01 00:55:39.467667
3797605840891,482,video,2469129217717,855,2024-01-01 00:56:07.372880
2042933082448,330,voice,8977969957404,856,2024-01-01 00:52:57.784137
9157813696297,281,video,5749845408098,1697,2024-01-01 01:01:10.260608
5315212382992,447,video,0445548088376,1053,2024-01-01 01:01:55.593300
9472390897753,1643,voice,9064759123258,782,2024-01-01 00:58:24.404819
9690549752125,1228,voice,0401153339904,94,2024-01-01 00:56:03.019897
4996963010898,1954,voice,7443841837589,234,2024-01-01 01:00:05.476605
0646013325171,1431,voice,2291874819551,79,2024-01-01 00:52:05.673852
1023696820031,212,video,1069257502775,941,2024-01-01 00:51:55.938021
9323889452698,1858,video,8249549220251,587,2024-01-01 00:51:30.573356
3375656988767,466,video,0320243695450,1610,2024-01-01 01:03:12.958732
2235074751825,1756,voice,0864123120423,1634,2024-01-01 01:01:03.496523
6759790094840,1923,video,9673430566458,1279,2024-01-01 01:06:47.837604
7532118094480,1975,voice,4793251000384,1018,2024-01-01 00:54:39.922100
1252508989839,855,voice,4402108057422,539,2024-01-01 00:50:38.952233
9268782463248,519,video,4700635949896,1399,2024-01-01 01:01:10.038836
4587084956415,1919,video,6659972671577,1116,2024-01-01 00:54:45.773977
9977181443739,660,voice,2949966201566,898,2024-01-01 00:53:59.106241
7383640491450,1477,video,4197910448713,1166,2024-01-01 00:56:32.644227
7280284443810,1270,video,7883448858124,55,2024-01-01 00:55:01.299052
7153858055031,1100,video,7797209456268,235,2024-01-01 00:55:11.129057
6504511684137,686,video,8389463683094,394,2024-01-01 00:52:00.042270
8568422427083,1920,video,8380542258041,1658,2024-01-01 00:50:19.305123
5876925989479,629,video,4379081810870,1367,2024-01-01 00:54:23.205423
5922335116646,259,video,8065935597626,604,2024-01-01 00:55:24.800799
8893155019102,1763,voice,7376004233418,381,2024-01-01 01:06:38.538230
6918615522380,792,voice,4419335548200,571,2024-01-01 00:50:48.138405
3522050625832,1486,video,4927334235982,1275,2024-01-01 00:54:15.490626
2338530692241,152,voice,2992848968685,196,2024-01-01 00:52:54.845514
2615843620869,1647,video,5286724797159,1637,2024-01-01 00:53:53.233295
1959870153631,892,voice,7965320859996,1020,2024-01-01 00:56:08.803493
1172760708743,990,video,4212584473720,1585,2024-01-01 00:51:06.041514
4699244826305,574,video,7970249783055,1176,2024-01-01 00:58:02.067533
9964297361701,157,voice,4400975767381,1067,2024-01-01 00:54:37.491564
7756587499046,327,video,4923693958529,268,2024-01-01 01:03:31.363612
8486199714167,1902,video,7368757269393,1057,2024-01-01 00:50:49.042204
6576047618411,1535,voice,3053758555343,823,2024-01-01 01:01:08.201474
4293569262046,247,voice,5981882904956,1251,2024-01-01 01:06:07.710603
4586203798562,1855,video,4201843048739,1239,2024-01-01 01:04:50.067354
9160501026534,1832,voice,3031336277031,6,2024-01-01 00:52:29.949031
9043360293993,1708,video,0543397914455,1467,2024-01-01 00:55:23.826364
0793489848767,1177,voice,3742403799309,1024,2024-01-01 00:54:18.411319
6711489128832,909,video,7101133022518,830,2024-01-01 00:59:04.460456
6992049245825,1451,voice,1103200921814,739,2024-01-01 01:04:54.005080
1122122586746,1669,video,9065864620760,1736,2024-01-01 01:06:39.944322
4639143672934,812,video,3875135517328,1468,2024-01-01 00:55:43.412691
0350308965722,1320,voice,6957669284196,1501,2024-01-01 01:05:42.711409
0034350622194,1547,voice,2201446842965,575,2024-01-01 01:04:55.242944
1293098261491,419,voice,2056970409764,1290,2024-01-01 01:02:25.456597
6381444306645,395,video,2957372427813,141,2024-01-01 01:04:07.389568
7140671563700,316,video,3104211548864,258,2024-01-01 01:02:23.718793
7593467231495,718,voice,4209840579218,673,2024-01-01 00:58:35.154431
7316582668518,595,video,6243078028555,1558,2024-01-01 01:04:15.182164
0014929341132,1746,video,9080992403640,259,2024-01-01 01:04:44.001436
4355811814200,1441,video,7456461653575,850,2024-01-01 00:58:36.066709
1671460596749,1618,video,7136664797479,1041,2024-01-01 01:03:32.217016
6593227319574,470,voice,9922397418448,1542,2024-01-01 01:05:49.136469
9586259978259,425,video,8654431258649,579,2024-01-01 01:01:52.853431
9262204198273,332,video,8038446760185,1629,2024-01-01 01:06:03.874509
9560742673870,646,video,1939515892956,381,2024-01-01 00:55:42.168764
2436526624029,289,voice,7637577491476,663,2024-01-01 00:59:53.529279
1998571534694,316,voice,2596857550586,977,2024-01-01 00:58:38.853481
1928607580804,624,voice,0368339388032,138,2024-01-01 00:55:55.191225
7570954113798,10,voice,7497579076346,239,2024-01-01 00:56:48.813460
9364956214775,1808,video,2670811423983,501,2024-01-01 00:53:52.263909
4822116340171,1882,voice,1943174834061,1788,2024-01-01 01:01:23.323524
2097751462565,879,voice,2940845282598,124,2024-01-01 00:51:52.938541
2314336854146,76,video,1214875130245,1523,2024-01-01 00:53:26.036999
2411612924384,1466,voice,7189791571259,927,2024-01-01 01:00:55.374833
8741275433233,696,voice,4328638901588,1427,2024-01-01 00:59:09.186098
9110713702274,1153,voice,7980836638611,890,2024-01-01 00:59:05.907071
0668420120138,1896,video,9745980824746,1191,2024-01-01 01:00:35.234166
8254833601638,1888,video,5763338574304,524,2024-01-01 00:52:54.287952
3424886483879,534,video,6508062522947,1474,2024-01-01 00:52:01.592502
5612878043919,1203,video,4498026269759,119,2024-01-01 01:03:03.072540
2288461654254,1571,video,3279644252187,663,2024-01-01 00:53:35.741429
6279879012993,576,video,4427429613431,1364,2024-01-01 00:56:17.709947
3087042942796,1811,voice,8781212518914,1609,2024-01-01 00:59:40.916210
9733402582762,530,voice,0223212201247,1569,2024-01-01 00:59:10.946399
3052570856263,100,voice,5519506154339,1358,2024-01-01 00:56:31.271911
3861467356259,1134,voice,2435181484802,890,2024-01-01 00:53:03.233576
4837829535063,41,voice,1605468425455,2,2024-01-01 01:05:08.835690
7954267349084,309,video,7117117529534,458,2024-01-01 01:06:27.020329
2838885110449,235,video,1082172265999,268,2024-01-01 00:57:41.366193
7518990154168,1245,video,1176466879763,12,2024-01-01 00:55:17.268272
1445103194727,1026,video,0801843325702,1374,2024-01-01 01:05:19.476682
7971605335198,522,video,6064520833216,12,2024-01-01 01:06:52.409867
9159981012669,19,voice,5831653638597,956,2024-01-01 01:03:56.164750
0811170790930,855,voice,8277347712190,347,2024-01-01 00:52:21.231396
1533202826180,1314,video,6262115031991,247,2024-01-01 00:53:51.841490
1866052372811,1491,video,2717160137061,190,2024-01-01 01:03:07.293379
7655302745129,1407,video,2338009371785,1445,2024-01-01 00:55:20.143825
4447202746258,1244,voice,7769782905359,494,2024-01-01 01:01:50.897283
5350367713530,1977,voice,8254216695482,1105,2024-01-01 00:58:42.294997
4139643583401,1656,video,4861283169104,252,2024-01-01 01:03:50.680794
2081138091025,1305,video,7265506544695,752,2024-01-01 00:56:51.873194
4867952517053,1532,voice,5313592212267,1045,2024-01-01 00:59:32.900954
9577597364866,1926,voice,7807051273817,860,2024-01-01 00:56:34.040151
6936400977889,1250,video,4230718555027,1797,2024-01-01 00:56:21.384787
7008222308978,1736,video,1125088744437,470,2024-01-01 01:01:55.083050
2539179035195,574,video,1134742258511,164,2024-01-01 00:54:25.900222
9967735697140,903,voice,0106542066177,710,2024-01-01 01:03:16.732044
1147403006771,6,voice,6830296336400,1531,2024-01-01 00:59:50.655048
3847181465186,601,video,4400621279417,1618,2024-01-01 00:52:03.187645
6918628935803,407,video,1860397968330,426,2024-01-01 01:02:50.860934
6502851305901,247,video,6257181151304,967,2024-01-01 01:03:15.403344
4506718722356,177,video,7158408005711,581,2024-01-01 00:59:06.090436
3205173753634,304,voice,1882624431817,905,2024-01-01 00:58:56.173756
6879364432411,1347,video,4839747933517,373,2024-01-01 00:56:32.830969
8272693893773,325,video,4006473717137,1652,2024-01-01 00:51:54.439538
0744508870353,1145,voice,4435502724899,46,2024-01-01 01:06:11.171324
2520174607746,223,voice,8865701134905,253,2024-01-01 01:04:31.708363
5628354170698,58,voice,8088670642235,1606,2024-01-01 00:57:42.218335
5834494539247,957,voice,7150348556732,590,2024-01-01 01:00:18.356978
2642935095464,1758,video,9890026189190,717,2024-01-01 00:58:12.712150
0476074975748,1167,video,7524188264496,238,2024-01-01 01:06:39.698917
8220629823772,1147,voice,3554096425533,733,2024-01-01 01:03:20.730745
7391087392178,734,voice,6488959436645,1750,2024-01-01 00:59:53.337634
9403332248351,172,voice,5962322321121,684,2024-01-01 00:53:25.975578
7596869503957,1629,video,9373480276597,562,2024-01-01 00:52:25.247515
8826977661025,909,video,8680292141476,925,2024-01-01 01:05:35.496433
2438585046765,1479,voice,6901573889386,1683,2024-01-01 01:01:32.479307
8916654044871,21,voice,8083199403447,262,2024-01-01 00:58:58.671931
5551629070493,721,voice,4346807969943,420,2024-01-01 01:00:09.252184
0568409322633,835,voice,3549587937243,605,2024-01-01 00:55:40.314511
9120346094824,27,voice,1684462564796,301,2024-01-01 00:54:27.634077
2060133684305,1374,video,1212452757877,1423,2024-01-01 01:04:47.012022
1054691840926,1024,voice,5512413431137,1523,2024-01-01 01:02:22.631923
5331395364274,1959,voice,9188625332232,251,2024-01-01 01:04:10.690992
3339251098894,1108,video,1973123459547,130,2024-01-01 00:50:45.595528
2874663834279,1476,video,1656590585829,230,2024-01-01 00:57:13.787383
2466571636372,1037,video,3745592281814,1781,2024-01-01 00:56:44.956499
4691343090165,666,video,9194931135431,1281,2024-01-01 00:52:13.879148
3621602235444,1191,voice,4006590147063,1320,2024-01-01 01:02:44.785259
3669178747665,28,video,8221265576002,1259,2024-01-01 01:00:50.317588
4149699891194,1909,voice,7678630722446,974,2024-01-01 01:00:29.268526
1722337549669,1234,voice,5227806612762,316,2024-01-01 01:06:30.549933
8922223956090,439,voice,7704540171473,47,2024-01-01 01:02:18.907113
1193960689880,1216,voice,4774682452262,1313,2024-01-01 01:01:37.004194
1481034951144,697,voice,7843130549843,676,2024-01-01 00:52:30.998176
6560149946887,1343,voice,0635498537782,342,2024-01-01 00:56:06.624428
0223236656009,1443,voice,0469783183622,993,2024-01-01 01:01:00.323868
5493795825725,287,voice,6696859020033,1248,2024-01-01 01:06:30.266639
1806005104910,1164,video,3462068687938,864,2024-01-01 00:52:52.000328
4488608195038,1482,video,2405432063463,764,2024-01-01 00:50:18.560736
5523382401546,1245,video,4109695295831,348,2024-01-01 00:51:28.349280
8945564704943,673,video,4799968418057,304,2024-01-01 00:54:46.766464
5567514386485,631,voice,7982523419361,1202,2024-01-01 00:51:29.203110
0579288991292,1533,voice,6141085486059,1573,2024-01-01 00:51:44.016756
5073238827462,495,voice,7424176648931,1026,2024-01-01 00:53:04.530530
5592895359202,413,voice,0094682970712,976,2024-01-01 00:55:43.300117
5475399929359,1657,video,4776581495546,1664,2024-01-01 01:02:51.751964
4172981718916,110,video,1506128723141,146,2024-01-01 01:04:44.891469
4494942242613,254,voice,0186342059323,1325,2024-01-01 01:04:59.920646
4355739274117,1979,video,0953732422349,377,2024-01-01 00:59:46.850432
6102281541963,604,voice,6783127620477,429,2024-01-01 00:58:32.054951
0324615113136,1744,video,7993536548087,943,2024-01-01 00:57:02.839082
0868836728909,849,voice,2241353499564,35,2024-01-01 00:52:27.651546
3916337337750,732,video,2559581522574,1284,2024-01-01 00:52:59.498535
3396196348610,550,video,4814386003126,1222,2024-01-01 00:54:52.647247
3144511815416,162,voice,0365852030214,734,2024-01-01 00:57:32.355064
4913534034363,628,video,3585151576017,1636,2024-01-01 00:52:44.696306
8278079223496,1297,video,8651519763175,1214,2024-01-01 01:00:47.238233
8127221873055,1518,voice,3969100859347,495,2024-01-01 00:55:41.514469
6508938133661,1450,video,4201843048739,766,2024-01-01 01:06:16.507162
9616254420000,1589,voice,3370772335972,1654,2024-01-01 00:54:40.351266
0697048281824,1794,voice,8180679210141,64,2024-01-01 00:53:53.181721
9323889452698,1737,video,9140922563987,1689,2024-01-01 00:59:00.253465
4773654449512,1995,voice,8755100137236,456,2024-01-01 00:54:23.588629
4381381387810,1755,voice,9445747234985,1224,2024-01-01 00:54:15.482377
3028438501512,139,video,7067290647856,1096,2024-01-01 00:54:49.374542
5276704963905,473,video,3020198051547,1318,2024-01-01 01:06:08.176920
7870531329634,530,video,5661227374727,891,2024-01-01 01:01:43.439774
2998194322298,1530,video,1680918383468,14,2024-01-01 01:05:25.788101
2038007030366,1582,video,1034390608135,1451,2024-01-01 00:58:40.798898
4852856927782,1146,video,1115682056761,999,2024-01-01 00:51:54.486331
6708562342033,797,voice,8750134051361,1119,2024-01-01 00:59:36.613519
8029394392607,619,video,4875609023919,772,2024-01-01 00:55:11.999339
0690854088138,1178,voice,9618527905083,212,2024-01-01 00:56:25.876092
8279309437345,1955,voice,2284671859621,1344,2024-01-01 00:58:16.224537
9220808597305,570,voice,9318766360997,1509,2024-01-01 00:56:28.115546
2667499172927,1318,video,6823665130166,1462,2024-01-01 01:02:26.583234
4437423819921,901,voice,8731341477470,1055,2024-01-01 01:02:53.076533
8339576185529,600,video,2649523477026,623,2024-01-01 00:59:49.361112
9703704153459,1569,video,9155220237433,570,2024-01-01 00:56:49.371283
1603179086029,1418,voice,5705208912671,658,2024-01-01 01:06:38.474458
8971920951610,1645,voice,3296511989438,73,2024-01-01 01:03:00.699156
9297866668160,729,voice,6184557502764,412,2024-01-01 00:54:14.370305
9570179049100,919,voice,0650497655032,1699,2024-01-01 01:06:25.908496
8129295114392,1306,video,3567755692547,851,2024-01-01 00:52:33.276886
0563558762383,69,video,2593212423445,966,2024-01-01 01:01:23.680201
2804918584599,1857,video,0155727933483,482,2024-01-01 01:05:04.145186
5297856677122,300,voice,1214875130245,1462,2024-01-01 00:59:42.505792
2036653695278,704,video,9794858917395,1380,2024-01-01 01:01:19.915655
9352911574122,150,video,0316925367653,594,2024-01-01 00:51:50.907501
3417199704940,1677,voice,0725600913490,671,2024-01-01 00:59:33.803467
7852370118130,795,voice,9023886605599,1740,2024-01-01 01:04:56.270745
1968615792623,1960,voice,4249499558360,521,2024-01-01 00:52:10.489723
8288472290701,1226,video,5193645003298,808,2024-01-01 00:56:38.961608
2094702882556,1778,video,0221040144367,1278,2024-01-01 00:57:22.326159
5699870288413,212,video,2121346467074,95,2024-01-01 00:56:25.679939
1282018804736,862,video,0275365766579,1029,2024-01-01 00:54:25.706683
3557422764268,822,voice,5444995054290,937,2024-01-01 01:05:49.632963
8336774758276,1093,voice,1421542079922,1771,2024-01-01 00:54:53.401952
5933391912333,790,video,4382120931851,622,2024-01-01 00:59:56.887726
4496260771957,47,voice,0601856229239,392,2024-01-01 00:57:51.151938
6936431938230,1001,video,4713211893425,595,2024-01-01 00:58:34.808003
7335823774997,1986,video,1656375539140,327,2024-01-01 00:57:16.501989
7714036366728,1127,video,3802656694226,1025,2024-01-01 01:03:02.853619
9460614912033,1806,voice,9847852093523,1129,2024-01-01 00:56:30.220994
3793306592842,1741,voice,3436994938979,975,2024-01-01 01:00:31.261250
5455538131470,1630,video,5483547549504,547,2024-01-01 01:01:11.931332
6995598515579,10,video,6340010508087,1223,2024-01-01 01:00:14.779523
6837798626075,1561,voice,4506044865276,1438,2024-01-01 01:05:29.055886
4953885936210,1068,voice,7583373157404,1692,2024-01-01 00:51:22.235747
6567333067361,460,video,2853276926114,1584,2024-01-01 00:55:01.378972
6912399338603,343,voice,7624801821349,1064,2024-01-01 00:51:44.028767
5275952370806,741,video,8611904035944,1138,2024-01-01 00:53:50.138509
8635204591380,1302,voice,2872975307265,1293,2024-01-01 01:06:51.821693
9370045248983,348,voice,2078776097583,33,2024-01-01 00:56:21.140755
2654889695851,1279,voice,5550713351550,1724,2024-01-01 00:53:23.323775
8344721759867,1609,voice,8386076377974,1521,2024-01-01 01:00:28.160369
4747137080043,526,video,7797384422380,1355,2024-01-01 00:55:20.304150
1151768902441,1643,voice,8777334454232,1624,2024-01-01 00:54:46.973993
2006040975702,1905,video,5568177533974,589,2024-01-01 01:02:20.660623
7344942877721,652,voice,7543408695780,218,2024-01-01 00:54:20.349308
7536278720187,766,voice,2988833825758,560,2024-01-01 00:59:53.222630
3624544954364,1453,video,2995647308017,1289,2024-01-01 00:57:33.225126
1541821649260,32,voice,1766188712751,1242,2024-01-01 00:54:51.201554
7662046750403,1116,video,4811969704435,1640,2024-01-01 00:53:10.092284
7453504678300,1761,video,5521014811263,705,2024-01-01 01:04:50.235581
7273539744826,1375,video,1268110832318,1126,2024-01-01 01:06:11.416975
2499076410965,122,voice,2925402982957,1787,2024-01-01 00:55:23.720697
1639057560014,10,video,0656699274912,950,2024-01-01 01:05:53.698014
6339365256664,1993,video,5827000603043,1530,2024-01-01 00:52:39.907256
4959401126846,1191,voice,8749104329456,964,2024-01-01 01:05:44.922853
2424757124123,464,video,3199352310595,641,2024-01-01 00:55:12.244067
8769560373985,8,video,1692547130825,556,2024-01-01 00:50:53.214282
5594537809356,1959,video,4970048726298,1548,2024-01-01 00:58:40.436625
7639019862399,874,voice,8834844143391,1062,2024-01-01 00:56:17.975060
6481251521317,1901,video,8511018425011,1360,2024-01-01 00:53:19.887353
8624344616699,1128,voice,5547881487804,59,2024-01-01 00:51:58.870431
2707506892494,1234,video,5081018616459,1150,2024-01-01 01:06:24.343436
6174819137111,1367,video,3796830653054,737,2024-01-01 01:06:09.827376
2061307733461,869,video,3696581728724,991,2024-01-01 01:03:00.023316
6953769782919,1297,video,3363135727166,1211,2024-01-01 01:02:29.341127
5029740981992,1805,video,0446637503984,1676,2024-01-01 01:04:45.530066
8972694494755,1791,voice,4871087358753,943,2024-01-01 01:05:12.189255
1633322668643,1680,video,9466701980366,885,2024-01-01 01:02:15.590318
9747329657491,351,voice,8833371010486,1337,2024-01-01 00:52:59.742574
1016551717562,4,video,7028575998636,502,2024-01-01 00:54:16.857003
9520524819622,756,voice,7535437479082,1670,2024-01-01 00:58:07.214328
3838322191084,115,video,0192187703336,507,2024-01-01 00:54:20.641897
8619557274901,1685,video,2457785333805,1447,2024-01-01 00:52:40.524327
3806633112100,964,voice,2086880918518,615,2024-01-01 01:01:31.925489
7899991104886,969,voice,4650730317865,309,2024-01-01 01:04:07.837638
7418070526713,1649,voice,4336115241881,1721,2024-01-01 00:53:53.996424
1097356307178,1740,video,8913342850846,1712,2024-01-01 01:04:56.953948
0922741121143,856,voice,6238010638406,1415,2024-01-01 00:54:46.084255
3672450057460,64,video,8685545474367,970,2024-01-01 00:59:04.640868
3401401291418,1308,voice,9266662826805,1297,2024-01-01 00:57:00.808962
7650632769447,921,video,9664263276238,193,2024-01-01 01:05:10.354220
2008040639886,890,video,9309310426895,1094,2024-01-01 00:56:24.530538
4970603886155,1798,video,5160035680508,532,2024-01-01 00:58:02.414461
0334460177245,124,voice,8027984865356,719,2024-01-01 01:05:13.823059
8433812079067,567,video,9492476032218,384,2024-01-01 01:06:30.114893
5169142494179,1309,voice,4894330985953,547,2024-01-01 01:06:41.929924
4433793262129,542,video,9834913404372,112,2024-01-01 00:51:48.772652
8040947959557,1551,voice,3552833007935,295,2024-01-01 00:50:37.614039
5354597889397,780,voice,7592128537995,1622,2024-01-01 00:55:26.966586
3794917777452,685,video,4139974231346,267,2024-01-01 00:54:30.070096
2625056209546,307,video,3545546060756,1474,2024-01-01 01:04:36.136967
8987898091859,920,video,7294148066674,1093,2024-01-01 01:00:59.542470
0448329973833,548,voice,2265343438763,1685,2024-01-01 00:57:39.828758
2978327955165,1841,video,3778108366503,1649,2024-01-01 01:06:00.434921
2837669344299,1147,video,2546557722189,159,2024-01-01 01:06:48.537259
3249290853132,1242,voice,1439443507616,1294,2024-01-01 00:55:02.865777
0377831910653,1470,video,3660420858030,387,2024-01-01 01:00:58.299817
4567100497521,650,video,7931491066259,923,2024-01-01 01:04:33.281418
9578296752071,1537,voice,7283858645116,1114,2024-01-01 00:54:36.078268
4628596065528,1302,voice,8964529210704,1201,2024-01-01 01:04:42.460232
0779333168520,1604,video,6593057368620,1027,2024-01-01 00:57:48.485431
0504256615482,1115,video,2973500948318,303,2024-01-01 01:05:58.431351
1608911064629,694,video,2584845135813,592,2024-01-01 01:05:46.560960
0891902854153,474,voice,5248759829062,1465,2024-01-01 00:56:45.863622
3649370093486,239,voice,8077533224503,533,2024-01-01 01:01:52.268463
4883556720013,1880,video,6067852676611,37,2024-01-01 00:52:04.336680
8439945603853,971,voice,6107358460704,1726,2024-01-01 00:59:18.622140
0089919402897,1933,video,2300026795688,1073,2024-01-01 01:03:02.998333
2913753434328,1671,voice,6199313873728,1794,2024-01-01 01:06:03.418585
4602684741624,663,voice,6909394163030,222,2024-01-01 00:51:53.101135
4519124427861,1591,voice,5406284158253,1614,2024-01-01 00:56:42.092283
6144849369420,895,video,9103864551562,1749,2024-01-01 00:58:04.893547
0414932871904,77,voice,5037078170879,1690,2024-01-01 00:55:05.521861
8417948414268,1835,voice,9555176553599,254,2024-01-01 00:53:05.770816
2798626989068,1731,video,7436285875453,1172,2024-01-01 01:06:58.808180
7428021072049,1322,voice,4199051771474,478,2024-01-01 01:01:47.853588
9571683755989,1850,voice,6383853684847,1452,2024-01-01 01:04:55.318336
1343477851208,1901,voice,5616365089238,602,2024-01-01 01:06:29.722337
4829527285050,1034,video,0781714686499,1365,2024-01-01 01:02:12.301055
6508938133661,624,video,9458166381191,257,2024-01-01 00:51:10.465815
9659271468363,1366,voice,6717446030254,1720,2024-01-01 00:52:29.733335
4833310796017,1118,video,1657529040125,1123,2024-01-01 00:50:30.683782
0452109701626,795,video,9839512889377,1492,2024-01-01 00:53:11.183720
1371573909618,1556,voice,8939054061213,666,2024-01-01 01:05:55.093122
3649913120515,1116,voice,1672804435912,1593,2024-01-01 00:56:22.704058
9265623525082,1293,video,9015856082688,695,2024-01-01 00:57:48.751830
7492842660158,687,voice,6813724709746,966,2024-01-01 00:51:45.497267
6601618186347,1679,voice,7295496105598,1634,2024-01-01 00:55:12.036950
5720667954058,678,voice,9144876361986,518,2024-01-01 00:55:53.816479
6995670634007,199,video,2746775562845,501,2024-01-01 01:03:41.017438
7715704004963,765,video,9162757641368,991,2024-01-01 00:57:22.120543
9641301832510,1512,voice,8367460339198,1245,2024-01-01 00:55:51.386523
7253877300868,1283,video,8722207134298,1448,2024-01-01 00:54:36.695121
4932634374064,74,voice,4914665681790,137,2024-01-01 00:59:53.238103
8055204566100,188,voice,0121169184270,1719,2024-01-01 01:01:31.990903
8666413989317,593,video,4950444698519,247,2024-01-01 00:52:45.052443
7301398545737,1351,voice,3073966299442,1274,2024-01-01 00:51:38.033660
8969002368064,57,video,2561095909108,759,2024-01-01 00:58:37.344513
1760771394393,629,voice,4293814900926,1663,2024-01-01 00:57:24.302456
8084822033449,1473,video,4273928374553,601,2024-01-01 00:50:35.862092
8054136646633,1334,video,2710689737928,425,2024-01-01 00:52:24.897441
4978541749000,859,video,6007478483733,644,2024-01-01 01:04:20.253366
2424281516888,725,voice,6420712494750,610,2024-01-01 01:01:24.765793
8199627403135,1483,video,5202841014230,348,2024-01-01 00:55:07.070302
3610252769968,815,voice,5042350209443,670,2024-01-01 00:53:23.522247
8099297084572,979,voice,5211190886071,310,2024-01-01 01:00:02.430621
7866702197041,1653,video,5201991863218,1124,2024-01-01 00:59:37.875277
6637454632729,1933,video,8883114070730,848,2024-01-01 01:02:26.349277
8316961172845,1747,voice,7090886397479,503,2024-01-01 00:56:33.642441
7465531629679,1934,voice,3891445256081,1041,2024-01-01 00:51:03.873070
5981844813671,1072,video,5626017567541,754,2024-01-01 01:04:04.846513
6869592978874,27,video,7456461653575,480,2024-01-01 01:01:04.766025
3213606528384,1464,voice,7841014510948,1655,2024-01-01 01:02:48.199455
5829486177619,13,video,4643112229976,1379,2024-01-01 00:58:55.508295
6427792551511,1503,voice,8739468453588,1623,2024-01-01 00:50:30.712788
0370631293655,1124,voice,2384705179128,858,2024-01-01 01:04:56.260901
1059867806001,890,voice,4181669462766,452,2024-01-01 00:53:42.485678
0466492806309,877,video,5943536236494,1421,2024-01-01 00:54:52.445899
0867565817992,491,voice,7627280567171,1543,2024-01-01 00:58:41.007616
4428864168314,437,video,9892818500748,1772,2024-01-01 00:56:25.492307
8555679628540,1923,video,9906977599070,578,2024-01-01 00:51:17.296311
3177177794983,388,voice,9324593202010,1678,2024-01-01 00:55:44.338563
7862577999349,401,voice,2584845135813,493,2024-01-01 01:03:30.721833
3554431794880,1578,video,4528028644404,1532,2024-01-01 01:04:16.620300
7318825736292,1000,video,6111021331942,666,2024-01-01 00:54:49.812500
6819326143620,498,voice,7770087098445,592,2024-01-01 01:06:36.727342
3308537792391,1176,video,8340603670611,429,2024-01-01 01:02:23.249310
2275674652345,440,voice,0493582648185,1179,2024-01-01 00:55:42.773474
1328929788828,1490,video,5793334138369,352,2024-01-01 00:52:50.510389
8099203259786,1095,video,6508847871247,881,2024-01-01 01:02:54.113005
7237156942160,780,voice,9856068938171,704,2024-01-01 01:03:41.250924
5331476942716,1688,video,3281670391239,1343,2024-01-01 01:05:15.179609
0696139379478,457,video,4297410245909,149,2024-01-01 00:57:23.743085
2315249470014,1256,voice,3258013613951,1682,2024-01-01 00:53:46.972245
8035477309319,1506,video,7824157637164,1590,2024-01-01 00:56:19.068100
0616570290736,1215,voice,1876708021062,1074,2024-01-01 00:57:39.715310
0703358329619,921,video,6037870519483,1589,2024-01-01 00:50:21.416812
0933099662796,1963,video,1680110299419,1749,2024-01-01 00:53:37.228883
2001861282696,578,video,7614531087821,1167,2024-01-01 01:01:36.217157
1638397268245,1809,video,2688340539761,1557,2024-01-01 00:57:01.647725
5025317774286,1860,video,3561868695786,459,2024-01-01 00:50:54.001899
3526545057047,151,voice,2282041358575,405,2024-01-01 00:54:15.196505
1984543373378,301,voice,4567778196418,1,2024-01-01 01:04:26.292113
3284334277972,39,video,5592686342979,529,2024-01-01 00:59:18.026496
9161606176223,1983,video,1302222965246,550,2024-01-01 00:55:02.512985
4336916771892,1016,voice,6045632280839,256,2024-01-01 01:01:51.467977
1355466892682,1738,video,8636197188222,182,2024-01-01 00:58:01.130550
7677524814440,114,video,2696185577147,514,2024-01-01 01:05:05.418681
8374502524878,1813,voice,3317261006823,1133,2024-01-01 01:05:45.897514
3671325305381,1965,voice,2930060787592,1759,2024-01-01 01:02:43.707121
1045376802471,1700,video,1635559020121,198,2024-01-01 01:04:33.877438
0453333799294,759,video,5314578957187,1505,2024-01-01 01:01:58.129776
7830188033227,1513,voice,7315098170764,1182,2024-01-01 01:03:47.302378
5231153849304,513,voice,7916882085598,1611,2024-01-01 01:00:40.145806
6495895520806,213,voice,1481847314117,1741,2024-01-01 00:50:22.611743
1667229611373,956,video,5326498478516,1099,2024-01-01 00:58:17.113826
9415510454643,169,voice,5469900252226,745,2024-01-01 01:00:17.378798
0128130047367,1306,video,6959278062455,1222,2024-01-01 00:52:27.906293
5303847402172,668,video,9934369858820,91,2024-01-01 00:51:07.012393
4881977741580,444,voice,6900702596276,380,2024-01-01 00:59:48.218049
9150376135866,1496,voice,7589184045599,401,2024-01-01 00:59:11.145701
4976968236181,1691,voice,7625236613978,1000,2024-01-01 00:58:28.304897
6611146753558,1307,video,8108330964817,356,2024-01-01 01:02:45.628983
3069337671816,1791,voice,4804029781684,918,2024-01-01 01:00:52.258108
4303456952222,1807,voice,6864185218067,272,2024-01-01 01:03:11.537721
1347914662145,899,voice,1125088744437,1130,2024-01-01 00:53:35.227191
2950181338723,799,video,0174452030657,1371,2024-01-01 00:58:12.017721
2890059633144,1836,voice,9435962375767,1102,2024-01-01 00:53:58.748831
7391265747667,862,video,7381742684934,625,2024-01-01 01:01:16.160916
1184810071073,1816,video,3979968783618,509,2024-01-01 00:54:04.374555
4191781825567,1621,voice,8592853870104,514,2024-01-01 00:58:39.733759
4893937096274,13,video,6199004048240,1403,2024-01-01 00:51:50.479232
3677963963904,1217,voice,7387606710833,1426,2024-01-01 00:56:38.699357
6969477765338,872,voice,0646253040314,1157,2024-01-01 00:50:47.335243
3433471347076,1905,voice,8643546596603,225,2024-01-01 01:02:01.948555
2474596014584,1132,video,9416292057667,553,2024-01-01 01:05:41.254957
6421266249035,1637,video,0500937713325,1095,2024-01-01 00:55:04.764979
5251225048566,1378,video,1859433694849,1392,2024-01-01 00:53:00.844835
7321289641934,763,voice,2746664568927,1678,2024-01-01 00:50:58.006685
6511486637148,561,video,1542393801473,701,2024-01-01 00:51:02.013660
8992651937607,1669,video,8679578917431,850,2024-01-01 01:01:41.848676
7726394855779,1860,video,6712870539047,118,2024-01-01 00:51:10.569892
5068293853129,51,voice,5299212506274,853,2024-01-01 01:04:49.103566
1680001580573,463,video,8474067691569,686,2024-01-01 00:59:30.969740
4451775278560,119,voice,6475404943950,800,2024-01-01 01:05:04.765633
4387868397690,67,voice,8250262582187,898,2024-01-01 00:57:19.677462
6873048898299,1256,video,2243168645033,430,2024-01-01 00:58:56.684389
0938592946614,1989,video,5677541725110,953,2024-01-01 00:58:38.148619
7739039416228,1923,voice,0163077679292,956,2024-01-01 01:03:24.860245
0791618965004,1531,voice,9597880617713,1580,2024-01-01 00:54:20.874718
8002721778094,669,voice,1939032618645,48,2024-01-01 01:00:31.352128
0960511282230,1009,video,3624899664105,165,2024-01-01 00:51:41.807630
9360939590647,1712,video,7586924766052,990,2024-01-01 01:00:38.095012
2121647927190,303,video,2055419063049,444,2024-01-01 01:00:12.642977
7934435005213,1014,video,0769440403862,1324,2024-01-01 00:50:32.326176
4753609240867,524,video,3616462561172,1667,2024-01-01 00:55:45.073236
5253893520965,1048,voice,9774953577932,688,2024-01-01 00:52:58.836802
8158456478064,171,voice,6857994914295,1117,2024-01-01 00:54:39.467657
7536771796382,559,voice,4095035684984,299,2024-01-01 01:02:39.843484
8786183294384,1577,voice,3008369800957,783,2024-01-01 00:56:54.037832
5938692333090,1149,video,5271023616255,1174,2024-01-01 01:05:01.375567
4145328644573,1099,video,7022368095516,1726,2024-01-01 01:00:12.632581
5908064468428,831,voice,8464230867617,55,2024-01-01 01:05:40.972984
0024895585743,126,video,6825069845658,761,2024-01-01 00:53:37.699918
5676908201718,1993,voice,7394553707946,56,2024-01-01 00:51:48.583017
5129856322666,11,voice,9963478953827,1054,2024-01-01 00:56:10.819020
9684914021176,1774,video,5459339557031,697,2024-01-01 01:00:42.833221
3187525607731,116,voice,5812549610047,365,2024-01-01 00:52:46.702752
5511498931180,94,video,5164062145101,1437,2024-01-01 00:55:57.740923
0523184722634,1849,voice,9955631500238,1170,2024-01-01 00:58:17.585364
1866080161555,332,video,5518454476309,890,2024-01-01 00:56:49.418722
7340366371197,1790,video,0432493988214,675,2024-01-01 00:57:25.469647
4259461446147,273,video,9245329893882,1148,2024-01-01 00:53:14.663833
5956320411557,1699,video,1135984168488,538,2024-01-01 01:00:26.273722
3117309085367,760,voice,6122258402657,1048,2024-01-01 00:54:55.063915
4565163439233,379,video,0510857445591,1499,2024-01-01 00:56:37.911655
0693050416946,365,video,0380848209557,1318,2024-01-01 00:56:27.751390
4116544902795,292,video,5818029335677,1022,2024-01-01 00:52:23.403155
3468193944350,547,voice,2171203565744,414,2024-01-01 00:53:54.478144
2801878489690,1604,video,2387001394756,783,2024-01-01 00:58:37.111358
3173751003816,1398,video,4202263972911,1478,2024-01-01 00:59:26.653946
2426249101762,1174,video,6111344618277,745,2024-01-01 01:02:59.961589
8855604301592,945,video,3088954481976,938,2024-01-01 00:52:13.006890
6102951791115,1587,video,7351439873860,737,2024-01-01 00:55:51.334374
4596880849490,1696,video,6505089723511,1012,2024-01-01 00:58:17.889856
9858738316704,719,video,2799581446571,553,2024-01-01 00:55:26.789633
0595069594414,1838,voice,2657423981982,1172,2024-01-01 00:58:24.333054
1913100468969,234,voice,1289406821015,1067,2024-01-01 00:55:41.392531
4148933405863,1190,video,1559477076228,1745,2024-01-01 00:55:52.752792
5438096122831,1947,video,9323848053451,326,2024-01-01 01:05:31.727290
4211373029341,776,video,8115451353132,204,2024-01-01 00:51:15.975300
8530221773377,340,voice,0809328356235,126,2024-01-01 00:52:19.939336
6169837079697,1012,video,6384352838499,59,2024-01-01 01:05:27.071691
4631357880284,1399,voice,9367520014050,157,2024-01-01 01:00:57.948484
8920859590299,326,video,9530773355123,1055,2024-01-01 00:56:55.949860
7817010328175,243,video,7873480749837,958,2024-01-01 00:52:40.532359
4085213306432,1103,voice,4285359199838,1495,2024-01-01 01:03:24.545546
6926579697413,1450,voice,7277985278508,595,2024-01-01 00:56:28.109489
7220170444580,673,video,2786961228479,354,2024-01-01 01:03:54.772628
8755585940784,1796,video,4331879455406,371,2024-01-01 00:54:06.897614
4890353289681,1344,voice,9675041746453,810,2024-01-01 01:00:41.626891
0863243017947,1563,voice,9212515045116,1018,2024-01-01 01:03:55.711648
3642929247158,1434,video,4366594077635,970,2024-01-01 01:04:16.644213
7553153000714,1096,voice,6450683916202,1040,2024-01-01 01:03:52.042382
5663999058072,266,video,4817776145183,267,2024-01-01 00:50:40.454057
8253338819829,1729,voice,8464888238791,339,2024-01-01 01:04:40.577845
8817504716964,211,voice,1388892674637,1496,2024-01-01 00:54:37.752902
4405603694312,196,voice,8646246079592,1359,2024-01-01 00:57:26.093497
2610539842182,233,video,8158667587166,1211,2024-01-01 00:57:37.625355
1257021046799,26,voice,9595146104350,1258,2024-01-01 01:01:20.206666
7797965008443,901,video,6133412489356,1587,2024-01-01 00:53:17.875688
3722138123334,1564,voice,7169290930558,217,2024-01-01 00:52:06.091752
6930579651261,138,voice,1199348957043,1341,2024-01-01 00:58:52.956365
1184407365152,944,video,2528455533099,1551,2024-01-01 01:00:26.761065
0783720916655,373,voice,0359368198419,76,2024-01-01 01:02:27.707275
6030416338897,1818,voice,7113068980539,495,2024-01-01 01:05:17.906073
8999205698034,961,video,3163743914068,809,2024-01-01 00:53:31.389121
0057710659968,1044,voice,6667477681930,1232,2024-01-01 01:00:29.987263
0538348515935,1073,voice,6634957574230,661,2024-01-01 00:56:51.222301
3975989269592,1444,voice,0584479333800,348,2024-01-01 01:03:40.915435
2940515017388,1600,voice,9104617787932,665,2024-01-01 00:58:16.963416
3676736512573,587,voice,2082956290094,881,2024-01-01 01:06:11.007585
3962638327923,1471,voice,8820981475309,1458,2024-01-01 00:59:35.102490
9157427215518,929,video,6954588288229,590,2024-01-01 00:55:30.562946
6006927613499,1177,voice,4239387889097,347,2024-01-01 00:57:46.260869
6153781724913,356,video,6592009729466,404,2024-01-01 01:00:24.508305
9587637465115,1120,video,5954391935644,454,2024-01-01 01:01:03.132534
2618383787666,1490,video,3338692176104,1331,2024-01-01 01:06:12.332058
3594755227010,445,video,1580272820912,956,2024-01-01 01:03:41.817679
0919299950261,1882,video,3047671118560,1591,2024-01-01 00:57:00.032844
5125030679812,31,video,9428202258328,1694,2024-01-01 01:04:28.985222
1915395774731,1011,voice,9450509743497,263,2024-01-01 01:02:07.852777
8105011592595,1326,voice,8187358997473,1539,2024-01-01 00:52:13.709299
8601507419062,1083,video,5536363526022,1068,2024-01-01 00:51:48.890732
0561618440079,1125,video,7813888593777,1683,2024-01-01 01:05:20.494042
9487001264157,1276,video,8123664284235,414,2024-01-01 01:00:39.038480
2011167620917,507,video,0478028356097,1047,2024-01-01 00:58:42.240728
0934761153912,1074,video,7761486305206,1277,2024-01-01 01:05:58.942698
8928491664509,1136,video,7890764219201,616,2024-01-01 01:05:08.568847
8763655246703,116,video,6547269421738,572,2024-01-01 01:05:54.318450
3358583044837,1328,video,9997154876210,499,2024-01-01 00:58:57.802115
7869342840429,334,video,6656756330648,1177,2024-01-01 00:50:19.266509
6188277574075,1112,video,8294768089142,870,2024-01-01 00:57:43.385680
9812794293428,672,video,4413604911285,109,2024-01-01 00:59:03.953233
6785853187762,250,voice,6433702109605,949,2024-01-01 00:51:58.407777
0386801718481,1749,video,2956218996300,854,2024-01-01 00:53:38.457562
9500042276601,1124,video,4393676754194,775,2024-01-01 00:52:46.938773
2749184055417,1204,video,7835306253380,805,2024-01-01 00:51:03.068698
2862932289991,1215,voice,7337667466517,606,2024-01-01 00:54:52.546951
1353501770285,1508,video,0304434867497,541,2024-01-01 01:04:56.727960
2547280068571,809,voice,2694897378396,382,2024-01-01 00:57:19.077969
0858356208326,107,video,0614827673318,343,2024-01-01 00:55:41.588131
7334339516842,1689,voice,7156699204221,1534,2024-01-01 00:54:18.032471
3097831673979,1071,voice,1725718699564,585,2024-01-01 00:54:53.753432
6804928913983,43,voice,1249067049931,1179,2024-01-01 00:53:23.034623
3590217459447,766,video,1214916614054,1707,2024-01-01 00:57:27.145136
3195219342892,1394,video,5969033880767,1538,2024-01-01 01:00:11.689023
4800407829715,660,voice,0791951545753,253,2024-01-01 01:00:35.562411
1584754136211,524,voice,8412955810811,245,2024-01-01 01:06:55.967808
0001727017726,1047,voice,6556449412957,600,2024-01-01 00:56:13.255594
7089069925100,191,video,3925057399956,1027,2024-01-01 00:50:27.327206
4089610854403,78,voice,9423751438056,792,2024-01-01 01:02:16.122256
8320014186511,745,voice,8581319411838,1329,2024-01-01 01:00:33.939222
8138326603124,1297,video,2087529747151,13,2024-01-01 00:50:40.084248
8761789634938,1552,voice,8548269475235,817,2024-01-01 01:00:55.316611
6444070475390,223,video,8702258868673,493,2024-01-01 01:01:55.711309
4684955154869,1743,voice,9245548935767,1493,2024-01-01 00:51:43.279038
6152770253002,1465,voice,2259032347326,993,2024-01-01 00:50:36.443444
4247841115239,862,voice,4579266543894,546,2024-01-01 00:55:29.637356
0401611145653,746,video,1559401513734,793,2024-01-01 00:54:55.930099
4777998362909,525,voice,7300818896177,497,2024-01-01 00:51:19.242655
9431316904104,254,voice,2274498312671,1565,2024-01-01 00:56:23.647083
4764074052726,613,video,4300140332853,1432,2024-01-01 00:54:14.421667
4730737234679,233,video,6054960893947,653,2024-01-01 00:54:32.791723
5103871696717,729,voice,3939160619185,1519,2024-01-01 01:00:35.462201
2740557312880,255,voice,9660216725685,822,2024-01-01 00:56:42.331700
7165703439955,1001,voice,7928158338442,1073,2024-01-01 00:51:46.723303
7252331580982,323,voice,0980074225221,380,2024-01-01 01:01:05.911402
4491439776584,1989,video,3441102292056,51,2024-01-01 00:56:33.468722
9252338881094,842,voice,9847477615846,73,2024-01-01 01:03:13.395439
4611565278716,1812,voice,7259342140862,1683,2024-01-01 00:59:40.278107
1793747109690,1183,video,9863102185134,1435,2024-01-01 00:52:00.778185
8343839512602,1147,voice,1616935321112,42,2024-01-01 00:55:41.699153
3176931614523,1282,video,9843349690950,1270,2024-01-01 01:06:00.889971
5771330456967,441,voice,8632348987151,73,2024-01-01 00:58:14.050359
3719228541499,898,voice,9346511032308,334,2024-01-01 01:02:11.812197
2422122381348,1567,voice,6212297796771,1554,2024-01-01 00:52:03.995624
1590998857026,669,video,9263503451250,357,2024-01-01 00:58:06.862650
4100869595047,57,voice,2037801903286,593,2024-01-01 01:01:13.351504
7470758707796,710,voice,7466358415428,1757,2024-01-01 00:54:54.893086
8319062477693,903,voice,2082254338820,787,2024-01-01 01:04:37.642283
7143007408549,563,voice,7318834797069,183,2024-01-01 01:02:46.441448
8857362893720,842,voice,5840717857258,809,2024-01-01 01:00:06.831312
6127364527787,767,voice,6986707533844,700,2024-01-01 00:55:29.500804
0834519109742,153,voice,3967719858613,366,2024-01-01 00:56:06.015459
6396425987787,911,video,0695308513933,1763,2024-01-01 01:04:20.801665
8050613829449,1884,voice,9346236798192,507,2024-01-01 00:55:12.798427
5694902349865,535,voice,9902214348734,205,2024-01-01 00:59:04.372758
9399789702334,1318,voice,9198581714604,451,2024-01-01 01:04:39.756724
1619443702434,1324,video,7019903565894,1060,2024-01-01 01:01:49.646449
1469798320318,1776,voice,0075948555933,795,2024-01-01 01:02:49.773885
6372924334533,1048,voice,1046233087096,1679,2024-01-01 01:01:22.224014
2431312104866,1373,video,0708866762868,894,2024-01-01 00:59:14.134227
9334057991358,585,video,5568232826542,1598,2024-01-01 00:53:02.421484
5052331089481,352,video,9582784189702,77,2024-01-01 00:55:14.535201
3502051639593,1558,video,4373773364944,1197,2024-01-01 01:02:36.089480
1816200284285,1574,voice,7488969919342,459,2024-01-01 01:03:18.765087
2014132277776,829,voice,7581786233694,964,2024-01-01 00:53:47.945908
3107211544757,1983,video,6413167990046,1261,2024-01-01 00:56:21.096970
0867565817992,33,video,3311147991889,1367,2024-01-01 01:02:31.602975
8926679145562,1139,video,1668071373648,379,2024-01-01 01:04:22.947088
6471796264594,849,video,9434903223508,262,2024-01-01 00:52:46.246232
3819426565020,451,voice,5703346749538,1626,2024-01-01 00:51:17.114556
9194575842173,895,voice,0773094281495,973,2024-01-01 01:05:08.395055
7773670072712,52,voice,7482648016513,1368,2024-01-01 01:06:42.311360
6313206612805,743,video,9673542453326,1421,2024-01-01 00:51:59.972449
6541232109084,1570,video,6961899636756,875,2024-01-01 01:02:35.828896
2786848768008,125,video,2930753668088,833,2024-01-01 01:03:12.697410
7310926853388,1589,voice,7325189281038,454,2024-01-01 00:57:05.430330
4027138434481,1865,voice,8829566604464,1256,2024-01-01 00:52:35.966599
0051166768647,558,video,8750552099525,621,2024-01-01 00:52:41.821505
7504970503609,780,video,1388024196132,1184,2024-01-01 00:56:33.248472
2021241774790,1528,voice,4995294914848,991,2024-01-01 00:52:07.230578
4847904081853,1934,video,1798327015879,294,2024-01-01 00:57:38.315262
2433480878405,27,voice,5196444376892,615,2024-01-01 01:01:35.657402
0688884996338,1114,video,8529742716549,1631,2024-01-01 00:52:55.662112
4138600195166,844,voice,2033266324345,1162,2024-01-01 00:51:21.962004
6395339415682,567,video,9219963373655,1107,2024-01-01 00:56:57.179416
3812797600431,845,voice,7256645610668,1157,2024-01-01 00:57:56.094730
3251353112497,776,video,7864055642016,1214,2024-01-01 00:55:29.763999
2687151599226,140,voice,5590304070996,1552,2024-01-01 01:04:05.178764
5403326406935,247,video,1697951094787,1624,2024-01-01 00:58:45.930110
3075568448095,1002,voice,8293114284117,1736,2024-01-01 00:56:52.631067
1970390162892,133,voice,3766522741862,1390,2024-01-01 00:51:44.663803
0567337949042,1401,voice,0428491397715,827,2024-01-01 01:05:10.555476
2267511143233,648,voice,6570754023185,1697,2024-01-01 01:02:54.258323
5350367713530,22,video,1299988899513,268,2024-01-01 00:55:43.879527
9337569387988,90,video,7501701808034,1673,2024-01-01 01:00:15.986775
8291607869583,673,voice,8648442477396,1125,2024-01-01 01:03:25.065767
4658086874609,229,video,2216946920263,685,2024-01-01 01:03:03.283485
9287537970712,1093,video,1189727331191,1169,2024-01-01 00:52:35.895372
1665603075374,1811,voice,8871872313266,72,2024-01-01 00:55:30.955819
8211709926050,1944,voice,4392652053480,805,2024-01-01 00:51:51.547559
4969895348452,891,voice,9815160216146,453,2024-01-01 00:57:55.632194
4715720834434,238,video,5825922443088,1304,2024-01-01 01:02:40.575360
8926960298050,331,voice,6003441748017,1122,2024-01-01 01:06:49.871425
1785606252360,1994,voice,3605824944448,1430,2024-01-01 00:51:06.469407
3537369893243,493,voice,2470089055544,1461,2024-01-01 00:50:42.899859
3158447605048,33,video,6657491829241,791,2024-01-01 01:02:09.368975
6468036457618,1750,voice,8694881422279,1076,2024-01-01 00:59:40.373071
9748794477978,1804,video,8638483149706,334,2024-01-01 01:03:46.513079
1647163710509,687,video,0730103231039,1484,2024-01-01 00:59:51.725199
5970379552098,291,voice,2025197783695,112,2024-01-01 01:01:28.876652
5882995883830,1095,voice,9809762148783,918,2024-01-01 01:02:40.366545
8014482409874,342,voice,6150615097741,342,2024-01-01 01:00:13.029214
9862240904136,1102,voice,8836257497709,1420,2024-01-01 00:55:05.734613
7066965681697,1096,voice,4166687290968,1000,2024-01-01 01:02:12.936317
5239960069501,823,voice,4150108722282,164,2024-01-01 01:05:08.048588
2740167220562,707,video,9479682244969,1315,2024-01-01 01:05:12.668911
0985333074940,1506,voice,0559684982612,271,2024-01-01 01:06:24.378958
2101631373133,1757,video,1246220075973,213,2024-01-01 00:52:47.241767
0274832840439,1689,video,8196057844531,877,2024-01-01 01:06:36.107493
8373196993764,1030,voice,4092019885342,643,2024-01-01 01:02:33.910710
9686109270052,1807,video,4742839119494,476,2024-01-01 00:54:52.400676
3158447605048,924,video,9905897617654,358,2024-01-01 00:58:20.041333
6751120070774,872,voice,3861719976832,213,2024-01-01 00:54:31.404340
4973723492094,705,voice,0058992766751,1155,2024-01-01 01:05:40.571360
4701337565320,1715,voice,6495204692775,750,2024-01-01 00:59:49.246559
3243379817755,1281,video,9750275466035,1535,2024-01-01 00:54:48.808305
5234956355341,1338,voice,1908764353132,223,2024-01-01 00:56:38.188753
1265708496586,1618,video,1390867632453,997,2024-01-01 00:52:14.141736
5702009993811,1403,voice,4419387526401,524,2024-01-01 01:04:41.443807
0870586310898,374,video,6612183194861,1086,2024-01-01 01:03:52.988421
7571079517414,317,video,0350481363767,672,2024-01-01 00:59:56.855290
8641050729322,1424,video,7697443445320,279,2024-01-01 01:04:44.261402
3161874491288,1929,video,7406350378559,892,2024-01-01 01:06:50.580525
9424456553522,1143,video,0352731377436,1204,2024-01-01 01:00:18.207991
6872712556131,633,voice,3660235959815,179,2024-01-01 00:52:23.243044
3643425873841,1808,video,8921243887477,473,2024-01-01 01:03:27.062414
3835741833904,1930,voice,4374489741148,486,2024-01-01 01:06:13.271121
7719384419644,1319,video,6951217178876,1387,2024-01-01 00:57:20.647757
1385222721586,144,video,4444804684976,226,2024-01-01 00:58:39.533630
6521876195396,1544,video,8611199653808,1629,2024-01-01 00:57:57.612461
6047375956338,121,voice,4179054339828,348,2024-01-01 00:58:38.615917
0690084761924,1211,video,8678518184430,605,2024-01-01 01:00:11.794932
7928140104857,1693,video,5768584238401,1170,2024-01-01 01:06:39.967470
0156459606502,1306,voice,8714050466046,1680,2024-01-01 01:01:21.337764
0098596543978,1892,voice,4403453455177,188,2024-01-01 01:01:49.357848
7894877721169,169,video,5740976132751,67,2024-01-01 01:00:20.883853
7932309597448,858,video,9853499627628,192,2024-01-01 01:01:05.079861
4539836067167,358,voice,1752007197086,428,2024-01-01 01:03:36.496151
1773840173948,1201,voice,6365147967227,1220,2024-01-01 00:55:51.731399
3182232862043,1012,video,1542988716901,821,2024-01-01 00:55:44.153455
8896536459279,78,voice,8304836606560,146,2024-01-01 01:06:12.763630
9968639635163,1955,video,1006727517023,1786,2024-01-01 00:55:56.368032
0243365016795,1140,video,7156543845661,220,2024-01-01 00:53:34.364673
3496302837412,1387,video,4957587970278,204,2024-01-01 01:04:42.210605
5380258549352,440,video,7656674300816,74,2024-01-01 01:04:50.645873
8917050511438,326,video,5149906643486,846,2024-01-01 00:55:25.388139
9487697940706,1194,video,6744471332101,887,2024-01-01 00:55:20.514926
3321589318739,720,video,2585106570903,321,2024-01-01 00:50:22.939829
3424376943340,1154,voice,1570633758035,552,2024-01-01 01:00:48.647291
4136944888210,1441,video,6756032922958,1579,2024-01-01 01:00:46.707946
5888469418951,1456,voice,1439679262610,1049,2024-01-01 00:58:02.999030
4679359914504,1543,video,9779156551277,428,2024-01-01 00:59:49.587042
9865032068744,1211,video,4074487773878,500,2024-01-01 00:52:12.168948
4560978194039,1275,video,1143321653809,1070,2024-01-01 01:05:31.176389
7914673657023,1667,voice,8066019144014,1250,2024-01-01 01:02:05.825874
2474133955516,1329,voice,7594907721954,412,2024-01-01 01:01:01.285774
2628063680583,480,video,1115682056761,1470,2024-01-01 00:56:24.848965
4165131311917,1850,video,8924748045219,400,2024-01-01 00:54:59.168057
7306590848057,70,voice,6684062751220,1223,2024-01-01 01:05:35.627588
9287840878809,1916,video,0275408704518,93,2024-01-01 00:51:41.489597
8648364129507,1748,voice,6246733859169,237,2024-01-01 00:50:55.222070
0401611145653,528,video,0463779767554,749,2024-01-01 01:02:12.968020
3165245914127,126,video,3216639486635,1330,2024-01-01 01:03:49.076221
4422974276121,1712,video,8533116081645,1599,2024-01-01 00:54:26.888687
0289891541193,1651,video,8972743284309,815,2024-01-01 01:03:18.573538
0174416286474,1865,video,1540586420065,1179,2024-01-01 00:54:10.112345
7189687282666,1583,video,5406914401133,1016,2024-01-01 01:04:32.327625
6039915102197,795,voice,0724415935672,1556,2024-01-01 00:50:44.359616
4106497525195,1061,video,1003887223003,1457,2024-01-01 00:52:53.941800
7342264239891,546,voice,3921158690433,1132,2024-01-01 00:51:22.552459
0004091629220,853,voice,5368310606687,1441,2024-01-01 01:02:06.554213
3931390346340,1499,voice,0526267226652,509,2024-01-01 00:59:15.906378
8662467952747,1997,video,7974071694554,956,2024-01-01 01:00:18.546152
9899026060567,706,voice,3531584654289,1688,2024-01-01 00:51:55.730951
8118849768186,1649,video,4177708035373,1240,2024-01-01 01:02:27.219656
3741921637911,941,video,4781904078583,1348,2024-01-01 00:50:52.716760
7341796677289,1082,video,3725446382863,857,2024-01-01 00:59:42.577590
1616573925917,132,voice,7915743863391,1399,2024-01-01 01:00:27.213062
6436882285849,672,voice,4835491968675,1697,2024-01-01 01:00:38.890726
9567900188475,1047,voice,6580839060456,497,2024-01-01 01:05:05.333297
6049977101443,568,voice,1728789247638,1193,2024-01-01 00:53:22.821469
7910619051519,511,video,0460188114944,499,2024-01-01 00:52:49.796358
2779673513752,1755,voice,7318926745263,1631,2024-01-01 00:51:36.785763
3559396447616,188,voice,7310373816217,1120,2024-01-01 00:52:10.588777
7534190906664,1557,video,3981235368604,485,2024-01-01 01:04:41.856776
9543356677391,1346,video,4864926708251,1208,2024-01-01 00:53:07.801283
7856638989436,729,video,5155788463582,273,2024-01-01 00:56:06.811051
4555845312827,1253,video,7299187319308,1522,2024-01-01 01:04:07.379398
7357498837572,480,voice,5015744973541,302,2024-01-01 01:04:56.828182
2482398849570,701,video,9749102329406,1348,2024-01-01 01:05:15.645644
6738021547556,1364,video,4364106987021,1585,2024-01-01 01:04:06.178100
8948197804303,1776,video,2270337744478,221,2024-01-01 00:53:12.459973
6534602326819,797,voice,6412541944970,1477,2024-01-01 00:54:19.066679
0289953330127,1586,voice,7623985644348,461,2024-01-01 01:02:25.360193
7748272666709,1149,voice,6581712046011,196,2024-01-01 01:01:34.118133
7908474384870,1168,voice,7333830125680,1029,2024-01-01 01:06:07.312043
7662796536270,1296,video,8178510985269,1310,2024-01-01 01:03:42.396784
3968709537419,397,video,0902490178907,543,2024-01-01 00:51:51.384005
1546536547908,888,voice,3554804201315,1557,2024-01-01 01:04:10.210720
4499067942374,1719,voice,0653993387453,1587,2024-01-01 01:01:34.261153
5416170824902,50,voice,5131903426017,257,2024-01-01 01:05:49.010020
7815482005163,1920,voice,5112369450484,1682,2024-01-01 00:58:51.788875
9649610821301,1188,voice,3008401004076,1729,2024-01-01 00:52:26.427321
7945152158948,478,voice,9626094034715,1132,2024-01-01 00:53:42.101476
5505199331407,1382,video,5479044093193,1625,2024-01-01 01:02:55.679516
1020397418967,942,voice,4293814900926,855,2024-01-01 00:54:24.494692
4741431270595,893,voice,6770315017250,752,2024-01-01 01:01:33.860450
1099790154704,1183,voice,8860912705808,89,2024-01-01 01:03:09.368124
3518561374212,1985,video,8694814442499,1601,2024-01-01 01:04:39.866410
5489851263652,1648,voice,8882348886081,802,2024-01-01 01:06:51.796416
5548598476348,455,video,2740708572621,1525,2024-01-01 01:05:32.373283
6444069066207,964,voice,6191261832128,632,2024-01-01 01:01:44.517544
3681327815151,1478,voice,7371272157154,329,2024-01-01 00:56:47.332946
0919299950261,1830,voice,6152552533738,1640,2024-01-01 00:57:36.920937
6201033368602,1717,voice,6518092798657,1061,2024-01-01 00:55:07.325535
2639033673152,746,voice,7950882790005,1282,2024-01-01 01:01:59.092366
8982522737329,890,video,9043225459465,1183,2024-01-01 00:59:03.975492
2767222672573,501,video,4139314169444,1464,2024-01-01 00:59:45.876667
6494214556056,576,video,0454330332290,1636,2024-01-01 00:56:52.067120
7850922478032,1073,video,5276960279192,418,2024-01-01 00:52:32.105001
5148299717251,360,voice,4376513762630,1573,2024-01-01 00:56:57.726943
3834493418027,1318,video,9919945140513,483,2024-01-01 00:53:05.511431
9052979295717,143,video,4525794098623,691,2024-01-01 00:53:46.415782
6794678696705,1967,voice,7277588541670,718,2024-01-01 01:06:34.777897
3887264281495,1511,voice,8614273120218,959,2024-01-01 01:01:36.513432
2680748906248,391,voice,3286383992523,947,2024-01-01 01:02:28.242655
8420917075913,113,voice,9692639484267,625,2024-01-01 00:58:57.951221
9599219403892,775,voice,1920464871242,973,2024-01-01 01:03:34.604240
3205568486709,1756,video,4731189620675,1030,2024-01-01 00:59:13.093117
6399494085666,1614,video,9769353731461,1524,2024-01-01 00:55:48.185682
7610622226164,1773,video,4904068665186,693,2024-01-01 01:01:05.723124
3143455034775,1370,voice,7401910652456,1171,2024-01-01 00:52:02.906663
2941135542541,1878,video,8732342602055,1233,2024-01-01 01:03:51.517446
7111382891790,1250,voice,5397971071362,1595,2024-01-01 00:59:13.358371
3910633911687,219,video,4658692267019,1441,2024-01-01 01:03:21.498065
4207869658953,1641,voice,8767418483382,429,2024-01-01 00:59:48.029675
4668606596814,260,voice,7228305635687,470,2024-01-01 00:50:28.954176
2290814537669,1359,voice,6507057399816,339,2024-01-01 01:00:55.022737
0759446514814,274,voice,1996716577351,1617,2024-01-01 01:00:51.265286
0488811798743,446,voice,8731927299852,675,2024-01-01 00:56:56.497452
8129796804005,394,video,9526113905811,1624,2024-01-01 00:52:09.261172
8885652879011,927,video,2565483550877,191,2024-01-01 01:03:20.802958
0394711020459,1738,video,5295558578183,802,2024-01-01 00:56:24.556261
2272852460424,300,voice,5796259496987,504,2024-01-01 01:02:31.099879
5383223112866,1425,video,2335787491872,1758,2024-01-01 00:55:21.430448
5330875907022,825,video,1220185015993,498,2024-01-01 00:58:08.847130
4963001844021,422,voice,0527970908333,1363,2024-01-01 01:01:40.236640
3841707036880,733,video,7872088871851,1224,2024-01-01 01:05:51.816260
9101162702635,56,video,0379097983640,856,2024-01-01 01:04:59.468068
0071864296800,267,video,3324265558766,507,2024-01-01 00:53:11.573920
5090703172214,1389,voice,0253527446687,238,2024-01-01 01:06:17.822448
3738789418548,242,video,6996025309937,67,2024-01-01 00:58:15.122360
5409487095883,1388,video,6870074255281,1156,2024-01-01 00:52:32.733577
8305668048336,691,video,7136073590689,865,2024-01-01 00:56:37.297122
8487103205644,866,voice,8950152893650,1699,2024-01-01 01:02:14.081711
3749894768043,391,video,2520982922032,381,2024-01-01 01:05:11.244756
7018715663480,637,voice,1279676503099,680,2024-01-01 00:57:40.363649
7635744375683,557,video,8166957615775,1019,2024-01-01 01:00:30.082590
9292542867205,1531,voice,2485442142032,784,2024-01-01 00:50:32.230443
3318547885531,1401,voice,1681760981576,1118,2024-01-01 00:57:12.673608
7516812597612,94,voice,6367922080724,649,2024-01-01 00:51:55.137195
1548196425642,1417,video,8372314513562,1076,2024-01-01 01:00:12.510955
3326936167450,351,video,3056857703222,1294,2024-01-01 00:50:15.231029
1186833295310,673,voice,2154537141059,712,2024-01-01 01:00:20.055312
3810046686755,572,video,8713669907959,1039,2024-01-01 00:51:52.759029
6848445783948,1632,video,9103701358059,1076,2024-01-01 01:05:35.361180
9092127804215,1097,video,0114116204309,353,2024-01-01 00:53:36.000241
5051776119374,469,voice,9626515548078,624,2024-01-01 01:00:46.640751
0854207685928,1064,video,3722459503384,555,2024-01-01 01:01:26.818869
6919349769542,1831,video,4646030058709,67,2024-01-01 01:05:00.459556
8762022128501,1448,voice,6848713928776,567,2024-01-01 01:03:50.690783
2968427634592,616,voice,6731745165870,326,2024-01-01 00:50:36.621754
2860718241003,1279,voice,0155199328759,211,2024-01-01 00:59:16.916772
6434154928176,813,video,4143756503510,477,2024-01-01 00:51:44.017852
4226158653760,1577,voice,0078908389523,216,2024-01-01 00:53:08.517739
9594780376137,905,video,3724263062461,484,2024-01-01 01:03:39.456654
5413532379038,1966,video,3175747037954,474,2024-01-01 00:54:34.626098
8595485441904,1598,video,4456182894449,562,2024-01-01 01:03:45.163343
8792220451579,1758,video,8342212177805,1337,2024-01-01 01:02:04.326764
3674375056716,209,video,8267802022569,1044,2024-01-01 00:50:19.806080
1279649008343,701,voice,1438545390592,671,2024-01-01 00:57:19.181595
7051201113435,1443,video,8596920407498,475,2024-01-01 00:51:47.312671
1616750286321,1357,video,1191102749791,811,2024-01-01 01:00:19.440314
1717424428814,1950,voice,7486786801747,1615,2024-01-01 00:55:37.749186
